,,,,,,
,Angel Barrera,,,,,
,Guillermo Rodgers,,,,,
,Madalynn Hernandez,,,,,
,Adan Mckinney,,,,,
,Zara Murillo,,,,,
,Xzavier Barron,,,,,
,Grayson Hess,,,,,
,Sadie Hawkins,,,,,
,Todd Osborn,,,,,
,Carter Hendricks,,,,,
,Darren Bridges,,,,,
,Caiden Francis,,,,,
,Rayan Matthews,,,,,
,Jorge Glass,,,,,
,Anastasia Decker,,,,,
,Soren Newman,,,,,
,Jade Mcdowell,,,,,
,Isla Lindsey,,,,,
,Ellie Steele,,,,,
,Yazmin Pennington,,,,,
,Gerald Carson,,,,,
,Julianne Turner,,,,,
,Jazlene Bond,,,,,
,Ivan Santos,,,,,
,Isla Martinez,,,,,
,Yareli Casey,,,,,
,Lana Norton,,,,,
,Zaire Pratt,,,,,
,Reese Santiago,,,,,
,Nyasia Boyle,,,,,
,Anderson Kirby,,,,,
,Korbin Stein,,,,,
,Devin Cantu,,,,,
,Lila Hernandez,,,,,
,Preston Mathis,,,,,
,Aryanna Levine,,,,,
,Jeffrey Roth,,,,,
,Jovany Leach,,,,,
,Ronin Dennis,,,,,
,Lana Gonzalez,,,,,
,Jaydan Mccall,,,,,
,Ronnie Maynard,,,,,
,Yadiel Charles,,,,,
,Lacey Mason,,,,,
,Jaqueline Snyder,,,,,
,Layton Lang,,,,,
,Leanna Tyler,,,,,
,Jasper Clements,,,,,
,Aimee Nguyen,,,,,
,Kristopher Griffith,,,,,
,Rachel Zhang,,,,,
,Seth Ramos,,,,,
,Beau Noble,,,,,
,Isla Case,,,,,
,Desmond Mora,,,,,
,Jovanny Bright,,,,,
,Cailyn Fry,,,,,
,Salvador Bowen,,,,,
,Jazmin Daniels,,,,,
,Arjun Mcdaniel,,,,,
,Jayda Finley,,,,,
,Rhys Chan,,,,,
,Jadiel Andersen,,,,,
,Amelia Montgomery,,,,,
,Liberty Gaines,,,,,
,Anabella Baker,,,,,
,Libby Delgado,,,,,
,Ryker Ellison,,,,,
,Ally Roberts,,,,,
,Barbara Coffey,,,,,
,Hudson Krause,,,,,
,Rylan Tapia,,,,,
,Marques Mercado,,,,,
,Jamie Reed,,,,,
,Terrance Lowery,,,,,
,Molly Flynn,,,,,
,Amirah Marsh,,,,,
,Keira Holder,,,,,
,Eden Ochoa,,,,,
,Wyatt Howard,,,,,
,Teagan Dougherty,,,,,
,Clarence Hardin,,,,,
,Xander Roman,,,,,
,Xiomara Brock,,,,,
,Kassandra Maxwell,,,,,
,Jazmine York,,,,,
,Julien Burgess,,,,,
,Ibrahim Long,,,,,
,Joaquin Hebert,,,,,
,Landyn Reeves,,,,,
,Rebekah Potter,,,,,
,Mckenna Roberson,,,,,
,Travis Owen,,,,,
,Lane Arellano,,,,,
,Caiden Hobbs,,,,,
,Alessandro Horn,,,,,
,Crystal Stevenson,,,,,
,Amy Skinner,,,,,
,Grady Daniel,,,,,
,Rylee Skinner,,,,,
,Leandro Leon,,,,,
,Messiah Mathis,,,,,
,Belen Luna,,,,,
,Yasmin Cantrell,,,,,
,Melina Hodges,,,,,
,Rylee Moon,,,,,
,Mckenna Goodman,,,,,
,Norah Mcclure,,,,,
,Kenya Farmer,,,,,
,Kinley Moses,,,,,
,Vanessa Chase,,,,,
,Wayne Castaneda,,,,,
,Abdullah Ibarra,,,,,
,Madeline Peterson,,,,,
,Celeste Noble,,,,,
,Blaine Schmitt,,,,,
,Kobe Duncan,,,,,
,Aryanna Duncan,,,,,
,Lizbeth Hobbs,,,,,
,Saige Lucero,,,,,
,Heath Frederick,,,,,
,Rodney Bird,,,,,
,Sergio Morse,,,,,
,Ean Meyers,,,,,
,Leslie Thornton,,,,,
,Abbie Case,,,,,
,Clara Alvarado,,,,,
,Isaias Leon,,,,,
,Molly Holt,,,,,
,Liberty Best,,,,,
,Azaria Petty,,,,,
,Ronan Schwartz,,,,,
,Kamora Vaughn,,,,,
,Saige Orozco,,,,,
,Slade Buckley,,,,,
,Dakota Coleman,,,,,
,Rebecca Morris,,,,,
,Erin Medina,,,,,
,Cadence Fry,,,,,
,London Buckley,,,,,
,Maddison Coleman,,,,,
,Braiden Frederick,,,,,
,Bethany Estes,,,,,
,Corinne Patrick,,,,,
,Lamar Mcdonald,,,,,
,Thalia Welch,,,,,
,Grace Howell,,,,,
,Titus Nash,,,,,
,Xavier Barajas,,,,,
,Byron Hale,,,,,
,Orion Zamora,,,,,
,Parker Hodge,,,,,
,Mia Skinner,,,,,
,Landen Mathis,,,,,
,Vicente Berg,,,,,
,Valentina Reyes,,,,,
,Kailey Benson,,,,,
,Gemma Roy,,,,,
,Colten Valenzuela,,,,,
,Nyla Maxwell,,,,,
,Valentino Weeks,,,,,
,Selah Navarro,,,,,
,Malaki Weeks,,,,,
,Neil Bond,,,,,
,Annika Marshall,,,,,
,Kale Buckley,,,,,
,Dane Johnson,,,,,
,Kara Frazier,,,,,
,Meadow Haas,,,,,
,Elle Montgomery,,,,,
,Finley Esparza,,,,,
,Elian Mullins,,,,,
,Cecelia Cohen,,,,,
,Brayan Guerrero,,,,,
,Lindsay Massey,,,,,
,Martin Cohen,,,,,
,Jakayla Pearson,,,,,
,Trent Castaneda,,,,,
,Nathaly Travis,,,,,
,Aditya Edwards,,,,,
,Lilianna Burgess,,,,,
,Zane Escobar,,,,,
,Elliott Baker,,,,,
,Reyna Ortiz,,,,,
,Tatum Livingston,,,,,
,Denise Byrd,,,,,
,Diamond Spence,,,,,
,Alisa Terry,,,,,
,Alonso Carpenter,,,,,
,Julia Freeman,,,,,
,Jake Chapman,,,,,
,Hezekiah Carney,,,,,
,Quinn Johns,,,,,
,Lailah Jenkins,,,,,
,Kale Dunn,,,,,
,Karen Blackburn,,,,,
,Marianna George,,,,,
,Leonel Velez,,,,,
,Jayden Hanna,,,,,
,Maximo Faulkner,,,,,
,Elvis Klein,,,,,
,Hayden Munoz,,,,,
,Alissa Rowland,,,,,
,Melvin Weeks,,,,,
,Jorden Berg,,,,,
,Carmelo Kelley,,,,,
,Charlee Proctor,,,,,
,Araceli Arnold,,,,,
,Nayeli Russell,,,,,
,Jasper Rubio,,,,,
,Clinton Schmitt,,,,,
,Matthias Barnes,,,,,
,Luz Juarez,,,,,
,Payten Stark,,,,,
,Angelique Stokes,,,,,
,Gisselle Hoover,,,,,
,Adrianna Whitney,,,,,
,Jefferson Quinn,,,,,
,Rowan Villanueva,,,,,
,Yoselin Cortez,,,,,
,Parker Cooper,,,,,
,Zachariah Good,,,,,
,Braiden Wilson,,,,,
,Ronan Riley,,,,,
,Bentley Moran,,,,,
,Harley Wells,,,,,
,Antwan Green,,,,,
,Madilyn Good,,,,,
,Kristina Weber,,,,,
,Aedan Coffey,,,,,
,Lukas Melton,,,,,
,Valerie Turner,,,,,
,Dexter Lynn,,,,,
,Katie Daugherty,,,,,
,Madeline Nicholson,,,,,
,Esperanza Huerta,,,,,
,Finn Caldwell,,,,,
,Yahir Pineda,,,,,
,Nikhil Foster,,,,,
,Rhys Barnes,,,,,
,Pedro Jenkins,,,,,
,Trinity Decker,,,,,
,Kamila Kirby,,,,,
,Justice Vargas,,,,,
,Rachael May,,,,,
,Miley Riddle,,,,,
,Parker Marshall,,,,,
,Kiana Clay,,,,,
,Warren Choi,,,,,
,Isiah Bryant,,,,,
,Kamron Wright,,,,,
,Jayden Carpenter,,,,,
,Ishaan Waters,,,,,
,Alyvia Miller,,,,,
,Alisha Powers,,,,,
,Kinsley Lee,,,,,
,Orion Gay,,,,,
,Rhett Acosta,,,,,
,Felipe Porter,,,,,
,Virginia Collins,,,,,
,Conner Maddox,,,,,
,Cullen Lara,,,,,
,Gwendolyn Madden,,,,,
,Summer Henderson,,,,,
,Natalee Cruz,,,,,
,Colton Cooper,,,,,
,Eliana Pearson,,,,,
,Abbie Murillo,,,,,
,Desirae Booth,,,,,
,Elizabeth Thornton,,,,,
,Dahlia Keller,,,,,
,Enrique Morrison,,,,,
,Adrianna Strong,,,,,
,Jasmine Saunders,,,,,
,Zain Anderson,,,,,
,Dwayne Bowman,,,,,
,Jayda Quinn,,,,,
,Miracle Washington,,,,,
,Jamie Cunningham,,,,,
,Raul Mooney,,,,,
,Teagan Barrett,,,,,
,America Hamilton,,,,,
,Chaim Higgins,,,,,
,Kristopher Petty,,,,,
,Kyla Scott,,,,,
,Jaliyah Brock,,,,,
,Shea Whitehead,,,,,
,Angelique Garza,,,,,
,Elaina Martin,,,,,
,Judith Ramsey,,,,,
,Taniyah Avila,,,,,
,Jeremiah Ellison,,,,,
,Shania Benjamin,,,,,
,Jazmyn Schneider,,,,,
,Gisselle Alvarado,,,,,
,Phoebe Day,,,,,
,Esther Kerr,,,,,
,Pierre Doyle,,,,,
,Sophia Cruz,,,,,
,Jair Atkins,,,,,
,Kristopher Vance,,,,,
,Belinda Aguirre,,,,,
,Desirae Henry,,,,,
,Jaylon Burgess,,,,,
,Trey Fry,,,,,
,Jackson Riddle,,,,,
,Giancarlo Bishop,,,,,
,Ronin Sandoval,,,,,
,Phillip Madden,,,,,
,Zayne Montes,,,,,
,Omar Atkinson,,,,,
,Sydney Parrish,,,,,
,Larry Wells,,,,,
,Madelynn Buckley,,,,,
,Geovanni Terry,,,,,
,Davion Hood,,,,,
,Rolando Potts,,,,,
,Bryan Rosales,,,,,
,Kimora Garner,,,,,
,Jayce Patel,,,,,
,Josiah Barnett,,,,,
,Malia Kline,,,,,
,Phoebe Salas,,,,,
,Keaton Holloway,,,,,
,Adriana Oneal,,,,,
,Bridget Carroll,,,,,
,Sylvia Park,,,,,
,Ulises Andersen,,,,,
,Luca Kelly,,,,,
,Krista Carlson,,,,,
,Santiago Huber,,,,,
,Natalya Lewis,,,,,
,Parker Rice,,,,,
,Londyn Warren,,,,,
,Yasmine Henry,,,,,
,Jazmine Blanchard,,,,,
,Antony Moss,,,,,
,Callie Compton,,,,,
,Gauge Goodman,,,,,
,Talia Lozano,,,,,
,Amirah Jarvis,,,,,
,Khalil Frye,,,,,
,Ernesto Eaton,,,,,
,Gloria Hardin,,,,,
,Taniyah Hess,,,,,
,Ricardo Golden,,,,,
,Chris Simon,,,,,
,Jaydan Morales,,,,,
,Bridger Cox,,,,,
,Karlee Gentry,,,,,
,Mohammed Holloway,,,,,
,Sincere Villanueva,,,,,
,Lia Pierce,,,,,
,Elianna Dennis,,,,,
,Toby Collins,,,,,
,Muhammad Sosa,,,,,
,Jean Holloway,,,,,
,Aubrey Guerrero,,,,,
,Kiera Mosley,,,,,
,Kaia Mora,,,,,
,Kiera Yates,,,,,
,Kassandra Mack,,,,,
,Preston James,,,,,
,Jada Parker,,,,,
,Abel Santana,,,,,
,Bryanna Costa,,,,,
,Bryan Velazquez,,,,,
,Cesar Chang,,,,,
,Maximillian Adkins,,,,,
,Kali Duncan,,,,,
,Valery Anderson,,,,,
,Khloe Sandoval,,,,,
,Rodolfo Krause,,,,,
,Ulises Oconnell,,,,,
,Marianna Dudley,,,,,
,Jaliyah Ashley,,,,,
,Yair Garner,,,,,
,Jaquan York,,,,,
,Johnathon Collier,,,,,
,Waylon Curry,,,,,
,Valeria Hernandez,,,,,
,Kimora Beard,,,,,
,Kimora Bean,,,,,
,Sherlyn Singleton,,,,,
,Justus Chen,,,,,
,Kael Vang,,,,,
,Darion Hayes,,,,,
,Micheal Meza,,,,,
,Kobe Pace,,,,,
,Conner Allen,,,,,
,Dakota Gibbs,,,,,
,Miley Grant,,,,,
,Marilyn Todd,,,,,
,Dulce Olson,,,,,
,Donavan Sims,,,,,
,Bruce Cordova,,,,,
,Britney Hardin,,,,,
,Savion Ritter,,,,,
,Kamora Blake,,,,,
,Teresa Mcdowell,,,,,
,Jett Mann,,,,,
,Rylee Simon,,,,,
,Avery Delgado,,,,,
,Francesca Haynes,,,,,
,Kiera Valdez,,,,,
,Mara Mercer,,,,,
,Carmen Valentine,,,,,
,Kailey Lutz,,,,,
,Jakob Weeks,,,,,
,Ronin Petty,,,,,
,Kierra Crawford,,,,,
,Clay Berg,,,,,
,Helen Mcconnell,,,,,
,Sheldon Weiss,,,,,
,Brycen Boone,,,,,
,Jovany Bishop,,,,,
,Dakota Wade,,,,,
,Jovani Tapia,,,,,
,Adelyn May,,,,,
,William Le,,,,,
,Holden Rowland,,,,,
,Andres Greer,,,,,
,Cole Hinton,,,,,
,Trent Petty,,,,,
,Lindsay Atkinson,,,,,
,Hannah Church,,,,,
,Aliza Blankenship,,,,,
,Hayden Huynh,,,,,
,Caylee Sampson,,,,,
,Craig Haas,,,,,
,Aria Lara,,,,,
,Karina Clay,,,,,
,Arjun Glover,,,,,
,Sydnee Whitney,,,,,
,Uriel Clark,,,,,
,Kayden Pitts,,,,,
,Braylen Curry,,,,,
,Ella Bush,,,,,
,Emiliano Boyd,,,,,
,Toby Lloyd,,,,,
,Marely Thornton,,,,,
,Landon Lozano,,,,,
,Marianna Johns,,,,,
,Emery Burnett,,,,,
,Emmalee Huang,,,,,
,Norah Zuniga,,,,,
,Kiara Daugherty,,,,,
,Zander Tyler,,,,,
,Jace Callahan,,,,,
,Adriel Pope,,,,,
,Kayden Hess,,,,,
,Gilbert Proctor,,,,,
,Brynn Hale,,,,,
,Emmanuel Phillips,,,,,
,Mathias Mendoza,,,,,
,Amara Sawyer,,,,,
,Nathalia Brady,,,,,
,Lawson Patrick,,,,,
,Gavyn Murillo,,,,,
,Todd Blake,,,,,
,Evangeline Friedman,,,,,
,Jair Guzman,,,,,
,Amaris Key,,,,,
,Jovany Walls,,,,,
,Allyson Morse,,,,,
,Penelope Sloan,,,,,
,Malcolm Oconnell,,,,,
,Shayna Adams,,,,,
,Lee Sims,,,,,
,Allyson Savage,,,,,
,Jose Andersen,,,,,
,Mollie Hall,,,,,
,Adelyn Franklin,,,,,
,Campbell Mcfarland,,,,,
,Muhammad Nicholson,,,,,
,Branden Mann,,,,,
,Kaylie Blankenship,,,,,
,Chaya Harding,,,,,
,Erick Ball,,,,,
,Gabriel Hardin,,,,,
,River Benson,,,,,
,Adolfo Neal,,,,,
,Jamal Shaw,,,,,
,Turner Stewart,,,,,
,Michael Klein,,,,,
,Moshe Bass,,,,,
,Jane Bennett,,,,,
,Raiden Burke,,,,,
,Ronin Walton,,,,,
,Marlee Stevens,,,,,
,Janet Mcdowell,,,,,
,Valentina Daugherty,,,,,
,Ethen Mcintyre,,,,,
,Bradyn Roach,,,,,
,Meadow Cline,,,,,
,Mariela Mora,,,,,
,Giovanni Brock,,,,,
,Lance Lawson,,,,,
,Reuben Stevenson,,,,,
,Ashlyn Blankenship,,,,,
,Haiden Calderon,,,,,
,Carolyn Hahn,,,,,
,Luka Cohen,,,,,
,Karter Walters,,,,,
,Cassie Lowery,,,,,
,Arturo Singh,,,,,
,Maximus Bolton,,,,,
,Arabella Salinas,,,,,
,Patricia Cooley,,,,,
,Pamela Cross,,,,,
,Kailey Prince,,,,,
,Marlie Peterson,,,,,
,Noah Galvan,,,,,
,Gisselle Hardin,,,,,
,Broderick Rush,,,,,
,Alonso Larsen,,,,,
,Darwin Weiss,,,,,
,Julissa Hartman,,,,,
,Kash Golden,,,,,
,Calvin Coffey,,,,,
,Humberto Knapp,,,,,
,Fatima Bryan,,,,,
,Kennedi Porter,,,,,
,Eugene Moody,,,,,
,Cullen Brady,,,,,
,Stephany Everett,,,,,
,Rachael Aguirre,,,,,
,Meghan Cooke,,,,,
,Alyson Christensen,,,,,
,Anya Davila,,,,,
,Mylee Floyd,,,,,
,Bobby Harper,,,,,
,Oswaldo Kaiser,,,,,
,Monica Powers,,,,,
,Chandler Davila,,,,,
,Zachery Haley,,,,,
,Carmelo Harrington,,,,,
,Eleanor Ewing,,,,,
,Kaiden Mckay,,,,,
,Brooklynn Zamora,,,,,
,Gracie Hancock,,,,,
,Marquise Flores,,,,,
,Maliyah House,,,,,
,Areli Carney,,,,,
,Rose Walton,,,,,
,Bernard Boyer,,,,,
,Brenda Huber,,,,,
,Giovanni Manning,,,,,
,Caitlyn Houston,,,,,
,Nathanial Skinner,,,,,
,Alyssa Shepard,,,,,
,Estrella Roberts,,,,,
,Greta Jordan,,,,,
,Cordell Bennett,,,,,
,Kaia Nelson,,,,,
,Howard Ayala,,,,,
,Osvaldo Brandt,,,,,
,Amiah Monroe,,,,,
,Ayden Russo,,,,,
,Gaven Austin,,,,,
,Asher Ingram,,,,,
,Antoine Ross,,,,,
,Jayden Lester,,,,,
,Kara Flores,,,,,
,Randy Bartlett,,,,,
,Darion Moran,,,,,
,Devon Kramer,,,,,
,Tommy Leonard,,,,,
,Juliana Rowe,,,,,
,Lucy Heath,,,,,
,Savanah Stanley,,,,,
,Cynthia Cuevas,,,,,
,Madeleine Boyd,,,,,
,Dorian Norton,,,,,
,Shaylee Morgan,,,,,
,Kameron Watkins,,,,,
,Harper Warner,,,,,
,Jamarion Walters,,,,,
,Saniya Hogan,,,,,
,Ramon Oconnell,,,,,
,Moshe Howard,,,,,
,Kael Bryan,,,,,
,Zaniyah Conway,,,,,
,Alisson Palmer,,,,,
,Ali Davis,,,,,
,Brayden Neal,,,,,
,Logan Walter,,,,,
,Nylah Joyce,,,,,
,Aracely Hunt,,,,,
,Wyatt Scott,,,,,
,Ibrahim Miranda,,,,,
,Dashawn Fernandez,,,,,
,Sebastian Maynard,,,,,
,Baron Harmon,,,,,
,Dahlia Roy,,,,,
,Oscar Trevino,,,,,
,Gisselle Jarvis,,,,,
,Litzy Calhoun,,,,,
,Rosemary Trujillo,,,,,
,Cadence Collins,,,,,
,Victor Avila,,,,,
,Lexie Mcgee,,,,,
,Mauricio Duffy,,,,,
,Marissa Jennings,,,,,
,Kyla Murphy,,,,,
,Gisselle Key,,,,,
,Bailey Leonard,,,,,
,Mariah Graves,,,,,
,Cordell Griffith,,,,,
,Abbie Coleman,,,,,
,Yosef Melton,,,,,
,Erik Obrien,,,,,
,Devyn Zimmerman,,,,,
,Aniyah Mata,,,,,
,Conor Riddle,,,,,
,Nathanial Zimmerman,,,,,
,Robert Spears,,,,,
,Jakobe Fitzgerald,,,,,
,Bobby Wheeler,,,,,
,Alberto Russo,,,,,
,Xavier Nelson,,,,,
,Bryant Schultz,,,,,
,Elian Gilmore,,,,,
,Courtney Ortega,,,,,
,Tristian Hebert,,,,,
,Dennis Cross,,,,,
,Alexander Montgomery,,,,,
,Marina Wilkinson,,,,,
,Karla Fitzgerald,,,,,
,Cameron Beltran,,,,,
,Bryson Blackburn,,,,,
,Clay Aguirre,,,,,
,Kenny Hudson,,,,,
,Kendal Harding,,,,,
,Allan Todd,,,,,
,Jayvion Holder,,,,,
,Chance Robles,,,,,
,Lily Mendoza,,,,,
,Taniya Kirby,,,,,
,Edith Branch,,,,,
,Ryan Boone,,,,,
,Perla Grant,,,,,
,Ruben Sanford,,,,,
,Elsie Kline,,,,,
,Cristina Barr,,,,,
,Leonel Contreras,,,,,
,Crystal Burgess,,,,,
,Remington Cervantes,,,,,
,Bennett Woodward,,,,,
,Bria Castillo,,,,,
,Bronson Wall,,,,,
,Katelynn Sawyer,,,,,
,Valerie Best,,,,,
,Charlee Shepherd,,,,,
,Winston Herring,,,,,
,Donovan Finley,,,,,
,Deven Arias,,,,,
,Joshua Greer,,,,,
,Brian Kerr,,,,,
,Jace Wu,,,,,
,Eugene Parsons,,,,,
,Samson Obrien,,,,,
,Tony Weiss,,,,,
,Quinten Werner,,,,,
,Conner Hudson,,,,,
,Evie Barber,,,,,
,Aldo Obrien,,,,,
,Christian Morrison,,,,,
,Brisa Cobb,,,,,
,Jonah Dorsey,,,,,
,Faith Ramos,,,,,
,April Frey,,,,,
,Jude Levine,,,,,
,Alisa Fleming,,,,,
,Jaslyn Savage,,,,,
,Zara Tran,,,,,
,Lana Koch,,,,,
,Amaya Nguyen,,,,,
,Houston Marshall,,,,,
,Amber Glover,,,,,
,Aurora Holden,,,,,
,Louis Frye,,,,,
,Axel Barr,,,,,
,Marlie Cortez,,,,,
,Devin Leblanc,,,,,
,Curtis Welch,,,,,
,Jakayla Kennedy,,,,,
,Annabel Bradshaw,,,,,
,Timothy Byrd,,,,,
,Lucas Garner,,,,,
,Carson Page,,,,,
,Marisa Spencer,,,,,
,Daphne Potts,,,,,
,Eileen Gonzales,,,,,
,Baylee Pineda,,,,,
,Juan Phelps,,,,,
,Jared Sherman,,,,,
,Mya Turner,,,,,
,Jaylene Friedman,,,,,
,Hannah Charles,,,,,
,Johnathan Warren,,,,,
,Ayana Moore,,,,,
,Nylah Rush,,,,,
,Andy Sexton,,,,,
,Miracle Byrd,,,,,
,Jeffery Rowland,,,,,
,Colby Meadows,,,,,
,Tucker Knox,,,,,
,Britney Waller,,,,,
,Amelie Bender,,,,,
,Uriah Reyes,,,,,
,Winston Espinoza,,,,,
,Iliana Snow,,,,,
,Arabella Weeks,,,,,
,Gunner Cherry,,,,,
,Ivy Espinoza,,,,,
,Neveah Perry,,,,,
,Levi Rosales,,,,,
,Jayla Adams,,,,,
,Aspen Carson,,,,,
,Bryanna Morales,,,,,
,Frankie Murphy,,,,,
,Genesis Ramsey,,,,,
,Prince Salinas,,,,,
,Sanai Campos,,,,,
,Bridget Rogers,,,,,
,Rhys Stafford,,,,,
,Elian Higgins,,,,,
,Landin Boyle,,,,,
,Maggie Larsen,,,,,
,Nolan Vargas,,,,,
,Drake Bender,,,,,
,Gianna Hoffman,,,,,
,Selina Mcintyre,,,,,
,Tatum Eaton,,,,,
,Deandre Glass,,,,,
,Sophie Chung,,,,,
,Averie Rubio,,,,,
,Connor Webb,,,,,
,Kamden Weaver,,,,,
,Tristian Maxwell,,,,,
,Chana Richard,,,,,
,Jamal Villanueva,,,,,
,Rachel Pollard,,,,,
,Manuel Shah,,,,,
,Payton Gould,,,,,
,Jaxson Jacobs,,,,,
,Yahir Romero,,,,,
,Nicholas Snow,,,,,
,Kailyn Calhoun,,,,,
,Mohammed George,,,,,
,Emanuel Simpson,,,,,
,Leila Burke,,,,,
,Lilly Perkins,,,,,
,Jace Bryant,,,,,
,Hailie Oneill,,,,,
,Daniella Ramirez,,,,,
,Rayna Baxter,,,,,
,Makhi Chase,,,,,
,Gianna Obrien,,,,,
,Kadence Escobar,,,,,
,Ray Powers,,,,,
,Kirsten Heath,,,,,
,Adam Johnson,,,,,
,Gabriel Gomez,,,,,
,Dale Boone,,,,,
,Deangelo House,,,,,
,Sariah Wiley,,,,,
,Angel Huang,,,,,
,Shirley Branch,,,,,
,Coleman Shaw,,,,,
,Josiah Bowen,,,,,
,Gianni Villa,,,,,
,Avery Dodson,,,,,
,Paulina Drake,,,,,
,Kyle Hayden,,,,,
,Nikhil Andrews,,,,,
,Talan Newton,,,,,
,Bronson Miles,,,,,
,Hugh Cabrera,,,,,
,Megan Gray,,,,,
,Mckinley Rowe,,,,,
,Jaidyn Fox,,,,,
,Lailah Palmer,,,,,
,Pablo Park,,,,,
,Kianna Cruz,,,,,
,Kenneth Moreno,,,,,
,Trent Peters,,,,,
,Conor Barrera,,,,,
,Emilee Bradshaw,,,,,
,Nylah Mccall,,,,,
,Kelvin Perkins,,,,,
,Eliza Dickerson,,,,,
,Heather Brandt,,,,,
,Mollie Schroeder,,,,,
,Linda Bishop,,,,,
,Pedro Reid,,,,,
,Pablo Short,,,,,
,Alejandra Calderon,,,,,
,Winston Duarte,,,,,
,Judah Holland,,,,,
,Malik Blevins,,,,,
,Reginald Buchanan,,,,,
,Kyleigh Villanueva,,,,,
,Danny Larsen,,,,,
,Arturo Ritter,,,,,
,Jalen Valentine,,,,,
,Marianna Mclaughlin,,,,,
,Kassandra Moreno,,,,,
,Arthur Ray,,,,,
,Todd Melendez,,,,,
,Tess Fritz,,,,,
,Janiyah Shaffer,,,,,
,Matthias Bean,,,,,
,Kathryn Hull,,,,,
,Brock Castro,,,,,
,Miah Mckee,,,,,
,Dexter Reeves,,,,,
,Jayvon Dickson,,,,,
,Kaylyn Goodman,,,,,
,Alexa Haney,,,,,
,Gordon Cochran,,,,,
,Desiree Morrow,,,,,
,Jaylin Krueger,,,,,
,Kiera Rivera,,,,,
,Kaylen Reid,,,,,
,Israel Hunt,,,,,
,Ainsley Rosales,,,,,
,Hadley Griffith,,,,,
,Emilie Holloway,,,,,
,Jordan Swanson,,,,,
,Talon Coleman,,,,,
,Micah Zhang,,,,,
,Rylie Waters,,,,,
,Jermaine Meza,,,,,
,Abdiel Mcgee,,,,,
,Emerson Stokes,,,,,
,Sarah Leach,,,,,
,Carleigh Sims,,,,,
,Kinsley Higgins,,,,,
,Boston Newton,,,,,
,Aliya Olsen,,,,,
,Harley Young,,,,,
,Efrain Hudson,,,,,
,Cynthia Shelton,,,,,
,Micah Gordon,,,,,
,Chana Montgomery,,,,,
,Rodrigo Clements,,,,,
,Willie Meyers,,,,,
,Yasmine Beck,,,,,
,Aria Fritz,,,,,
,Joselyn Ewing,,,,,
,Thaddeus Mckay,,,,,
,Tommy Fritz,,,,,
,Lesly Conrad,,,,,
,Jordan Wilson,,,,,
,Addisyn Montes,,,,,
,Micaela Stevens,,,,,
,Konner Orozco,,,,,
,Desiree Barrett,,,,,
,Jessie Hull,,,,,
,Kristopher Mckinney,,,,,
,Tucker Glover,,,,,
,Matthias Massey,,,,,
,Raquel Conrad,,,,,
,Aisha Hurley,,,,,
,Davon Gonzalez,,,,,
,Korbin Fritz,,,,,
,Max Doyle,,,,,
,Valerie Gibbs,,,,,
,Tate Booker,,,,,
,Aedan Lane,,,,,
,Easton Pena,,,,,
,Raphael Erickson,,,,,
,Eva Mcpherson,,,,,
,Cedric Ferrell,,,,,
,Finley Cook,,,,,
,Shea Craig,,,,,
,Alanna Yu,,,,,
,Nathaly Gibson,,,,,
,Angelina Ferguson,,,,,
,Lucas Kerr,,,,,
,Jorge Norton,,,,,
,Landyn Livingston,,,,,
,Alexis Lozano,,,,,
,Kaila Cummings,,,,,
,Ashlynn Valdez,,,,,
,Tyrese Henson,,,,,
,Leandro Porter,,,,,
,Angeline Haley,,,,,
,Jamya Glover,,,,,
,Maeve Avila,,,,,
,Deon Huerta,,,,,
,Kole Benton,,,,,
,Felicity Adkins,,,,,
,Willow Cummings,,,,,
,Zechariah Jacobson,,,,,
,Lena Gill,,,,,
,Turner Chandler,,,,,
,Elliana Sexton,,,,,
,Gavyn Griffith,,,,,
,Ayaan Carey,,,,,
,Kamila Miranda,,,,,
,Martin Chapman,,,,,
,Ishaan Bean,,,,,
,Angela Beck,,,,,
,Carl Stafford,,,,,
,Jovanni Wong,,,,,
,Dalton Bautista,,,,,
,Abel Blake,,,,,
,Neil Davis,,,,,
,Taliyah Bridges,,,,,
,Ashtyn Mahoney,,,,,
,Kareem Walker,,,,,
,Darren Stone,,,,,
,Drew Mendez,,,,,
,Karson Dean,,,,,
,Nolan Dennis,,,,,
,Mariela Mays,,,,,
,Malachi Wood,,,,,
,Erika Booth,,,,,
,Corey Jarvis,,,,,
,Amirah Erickson,,,,,
,Oscar Flynn,,,,,
,Tania Fitzpatrick,,,,,
,Bryce Spears,,,,,
,Jovanny Acosta,,,,,
,Kaeden Carlson,,,,,
,Aliyah Flores,,,,,
,Kylan Guzman,,,,,
,Keagan Jimenez,,,,,
,Beau Ramirez,,,,,
,Davion Gutierrez,,,,,
,Lailah Schneider,,,,,
,Sylvia Freeman,,,,,
,Cooper Hutchinson,,,,,
,Nikhil Garrison,,,,,
,Madalyn Frazier,,,,,
,Antoine Mcmillan,,,,,
,Alvin House,,,,,
,Jorge Griffith,,,,,
,Abbie Stuart,,,,,
,Steve Mckee,,,,,
,Clark Gallegos,,,,,
,Meadow Brooks,,,,,
,Sterling Herring,,,,,
,Isla Parker,,,,,
,Isai Collier,,,,,
,Cayden Maxwell,,,,,
,Jacob Page,,,,,
,Denise Graves,,,,,
,River Cooper,,,,,
,Addyson Cole,,,,,
,Isla Acosta,,,,,
,Brendan Mcclure,,,,,
,Rohan Duran,,,,,
,Lilliana Henderson,,,,,
,Alden Fleming,,,,,
,Ivan Douglas,,,,,
,Ava Todd,,,,,
,Sophie Morgan,,,,,
,Demarcus Lewis,,,,,
,Messiah Elliott,,,,,
,Marely Ford,,,,,
,Jovanni Buck,,,,,
,Luna Hebert,,,,,
,Leon Silva,,,,,
,Piper Skinner,,,,,
,Melody Robbins,,,,,
,Keyon Goodwin,,,,,
,Savanah Joseph,,,,,
,Martin Black,,,,,
,Gage Leblanc,,,,,
,Omari Escobar,,,,,
,Katelynn Rowland,,,,,
,Wade Gibson,,,,,
,Shyanne Sloan,,,,,
,Kelton Stevens,,,,,
,Kaila Hobbs,,,,,
,Joe Contreras,,,,,
,Adonis Vaughn,,,,,
,Braeden Santiago,,,,,
,Kayden Fox,,,,,
,Carly Vargas,,,,,
,Mekhi Clarke,,,,,
,Lilly Beltran,,,,,
,Kimora Shelton,,,,,
,Dahlia Bautista,,,,,
,Jaylan Gates,,,,,
,Aubree Rice,,,,,
,Jackson Orozco,,,,,
,Jadyn Soto,,,,,
,Dayami Harris,,,,,
,Deja Hull,,,,,
,Talia Hendrix,,,,,
,Dahlia Gomez,,,,,
,Atticus Molina,,,,,
,Santos Pope,,,,,
,Julie Roth,,,,,
,Jamison Romero,,,,,
,,,,,,
,,,,,,
,,,,,,
,,,,,,
,,,,,,
,,,,,,
,,,,,,
,,,,,,
,,,,,,
,,,,,,
,,,,,,
,,,,,,
,,,,,,
,,,,,,
,,,,,,
,,,,,,
,,,,,,
,,,,,,
,,,,,,
,,,,,,
,,,,,,
,,,,,,
,,,,,,
,,,,,,
,,,,,,
,,,,,,
,,,,,,
,,,,,,
,,,,,,
,,,,,,
,,,,,,
,,,,,,
,,,,,,
,,,,,,
,,,,,,
,,,,,,
,,,,,,
,,,,,,
,,,,,,
,,,,,,
,,,,,,
,,,,,,
,,,,,,
,,,,,,
,,,,,,
,,,,,,
,,,,,,
,,,,,,
,,,,,,
,,,,,,
,,,,,,
,,,,,,
,,,,,,
,,,,,,
,,,,,,
,,,,,,
,,,,,,
,,,,,,
,,,,,,
,,,,,,
,,,,,,
,,,,,,
,,,,,,
,,,,,,
,,,,,,
,,,,,,
,,,,,,
,,,,,,
,,,,,,
,,,,,,
,,,,,,
,,,,,,
,,,,,,
,,,,,,
,,,,,,
,,,,,,
,,,,,,
,,,,,,
,,,,,,
,,,,,,
,,,,,,
,,,,,,
,,,,,,
,,,,,,
,,,,,,
,,,,,,
,,,,,,
,,,,,,
,,,,,,
,,,,,,
,,,,,,
,,,,,,
,,,,,,
,,,,,,
,,,,,,
,,,,,,
,,,,,,
,,,,,,
,,,,,,
,,,,,,
,,,,,,
,,,,,,
,,,,,,
,,,,,,
,,,,,,
,,,,,,
,,,,,,
,,,,,,
,,,,,,
,,,,,,
,,,,,,
,,,,,,
,,,,,,
,,,,,,
,,,,,,
,,,,,,
,,,,,,
,,,,,,
,,,,,,
,,,,,,
,,,,,,
,,,,,,
,,,,,,
,,,,,,
,,,,,,
,,,,,,
,,,,,,
,,,,,,
,,,,,,
,,,,,,
,,,,,,
,,,,,,
,,,,,,
,,,,,,
,,,,,,
,,,,,,
,,,,,,
,,,,,,
,,,,,,
,,,,,,
,,,,,,
,,,,,,
,,,,,,
,,,,,,
,,,,,,
,,,,,,
,,,,,,
,,,,,,
,,,,,,
,,,,,,
,,,,,,
,,,,,,
,,,,,,
,,,,,,
,,,,,,
,,,,,,
,,,,,,
,,,,,,
,,,,,,
,,,,,,
,,,,,,
,,,,,,
,,,,,,
,,,,,,
,,,,,,
,,,,,,
,,,,,,
,,,,,,
,,,,,,
,,,,,,
,,,,,,
,,,,,,
,,,,,,
,,,,,,
,,,,,,
,,,,,,